product_id,original_name,medicine_name,short_name,authorisation_no,date_of_authorisation,authorisation_validity_ttl,inter_code,legal_status,legal_bases_code,legal_bases_text,strength,strength_lv,pharmaceutical_form,pharmaceutical_form_lv,is_approved_for_kids,active_substance,marketing_authorisation_holder,manufacturer,parallel_importer,parallel_importer_lv,parallel_importer_en,parallel_distributor,parallel_distributor_lv,parallel_distributor_en,exp_country_lv,exp_country_en,status,remove_date,sell_stop_date,prd_removed,prd_sell_stop_date,atc_code,authorisation_procedure,package_leaflet,summary_of_product_characteristics,product_strength,package,package_en,package_size,store_conditions,labels,package_labels,container_labels,product_price_without_vat_eur,product_price_with_vat_eur,info_risk_minimisation,popularity_score,group_name_est,atc_group
01-0463-02,Mezym 10 000 U gastro-resistant tablets,Mezym 10 000 V zarnās šķīstošās tabletes,Mezym,01-0463,24-JAN-07,,01-0463,bez receptes,10a p.,iesniegums plaši lietotām zālēm,10 000 U,10 000 V,Gastro-resistant tablet,Zarnās šķīstošā tablete,1,Pancreatis pulvis,"Berlin-Chemie AG (Menarini Group), Germany","Berlin-Chemie AG (Menarini Group), Germany",,,,,,,,,1,,,0,,A09AA02,Nacionālā reģistrācijas procedūra,https://dati.zva.gov.lv/zalu-registrs/info/01-0463/pil,https://dati.zva.gov.lv/zalu-registrs/info/01-0463/smpc,1 UD,"PA/Al/PVH/Al blisteris, N10","PA/Al/PVC/Al blister, N10",10,Uzglabāt temperatūrā līdz 30º C.,https://dati.zva.gov.lv/zalu-registrs/attachments/label/2718418/01-0463-0201975325.doc,,https://dati.zva.gov.lv/zalu-registrs/attachments/label/2718418/01-0463-0201975325.doc,3.26,3.65,0,0,Digestive / Oral care,A
01-0086-04,"Loperamide Stirol 2 mg capsules, hard",Loperamide Stirol 2 mg cietās kapsulas,Loperamide Stirol,01-0086,19-DEC-11,,01-0086,bez receptes,10a p.,iesniegums plaši lietotām zālēm,2 mg,2 mg,"Capsule, hard","Kapsula, cietā",1,Loperamidi hydrochloridum,"Stirolbiofarm Baltikum, SIA, Latvia","Marifarm d.o.o., Slovenia",,,,,,,,,1,,,0,,A07DA03,Nacionālā reģistrācijas procedūra,https://dati.zva.gov.lv/zalu-registrs/info/01-0086/pil,https://dati.zva.gov.lv/zalu-registrs/info/01-0086/smpc,2 mg,"Kartona kastīte, PVH/Al blisteris, N12","Carton box, PVC/Al blister, N12",12,Uzglabāt temperatūrā līdz 25°C.,https://dati.zva.gov.lv/zalu-registrs/attachments/label/4005215/01-0086-0102623451.pdf;https://dati.zva.gov.lv/zalu-registrs/attachments/label/4005215/01-0086-0102623452.docx,,https://dati.zva.gov.lv/zalu-registrs/attachments/label/4005215/01-0086-0102623451.pdf;https://dati.zva.gov.lv/zalu-registrs/attachments/label/4005215/01-0086-0102623452.docx,2.91,3.26,0,0,Digestive / Oral care,A
00-0690-01,Magnerot 500 mg tablets,Magnerot 500 mg tabletes,Magnerot,00-0690,16-JUL-10,,00-0690,bez receptes,10a p.,iesniegums plaši lietotām zālēm,500 mg,500 mg,Tablet,Tablete,1,Magnesii orotas,"Wörwag Pharma GmbH & Co.KG, Germany","Worwag Pharma GmbH & Co.KG, Germany; Wörwag Pharma Operations Sp. z o.o., Poland; Magistra C&C S.R.L., Romania; Woerwag Pharma Production GmbH & Co. KG, Germany",,,,,,,,,1,,,0,,A12CC09,Nacionālā reģistrācijas procedūra,https://dati.zva.gov.lv/zalu-registrs/info/00-0690/pil,https://dati.zva.gov.lv/zalu-registrs/info/00-0690/smpc,500 mg,"Kartona kastīte, PVH/PVDH/Al blisteris, N50","Carton box, PVC/PVDC/Al blister, N50",50,Šīm zālēm nav nepieciešami īpaši uzglabāšanas apstākļi.,https://dati.zva.gov.lv/zalu-registrs/attachments/label/3915812/00-0690-0102059171.doc,,https://dati.zva.gov.lv/zalu-registrs/attachments/label/3915812/00-0690-0102059171.doc,9.19,10.29,0,0,Digestive / Oral care,A
06-0052-01,Elevit Pronatal film-coated tablets,Elevit Pronatal apvalkotās tabletes,Elevit Pronatal,06-0052,31-OCT-07,,AT/H/0151/001,bez receptes,10a p.,iesniegums plaši lietotām zālēm,,,Film-coated tablet,Apvalkotā tablete,2,"Retinoli palmitas, Thiamini nitras, Riboflavinum, Pyridoxini hydrochloridum, Cyanocobalaminum, Alfa-tocopherylis acetas, Calcii pantothenas, Biotinum, Nicotinamidum, Acidum folicum, Calcium, Cuprum, Ferrum, Magnesium, Manganum, Phosphorus, Zincum, Acidum ascorbicum, Colecalciferolum","UAB Bayer, Lithuania","Dragenopharm  Apotheker Puschl GmbH, Germany",,,,,,,,,1,,,0,,A11AA03,Savstarpējās atzīšanas procedūra,https://dati.zva.gov.lv/zalu-registrs/info/06-0052/pil,https://dati.zva.gov.lv/zalu-registrs/info/06-0052/smpc,1 UD,"PVDH/PE/PVH/Al blisteris, N30","PVDC/PE/PVC/Al blister, N30",30,"Uzglabāt temperatūrā līdz 25°C. Uzglabāt oriģinālā iepakojumā, lai sargātu no gaismas.",https://dati.zva.gov.lv/zalu-registrs/attachments/label/4002527/06-0052-0202006138.doc,,https://dati.zva.gov.lv/zalu-registrs/attachments/label/4002527/06-0052-0202006138.doc,12.98,14.54,0,0,Digestive / Oral care,A
09-0375-01,Duphalac Fruit 667 mg/ml oral solution,Duphalac Fruit 667 mg/ml šķīdums iekšķīgai lietošanai,Duphalac Fruit,09-0375,09-SEP-15,,AT/H/0242/001,bez receptes,10 (3) p.,jauktais iesniegums,667 mg/ml,667 mg/ml,Oral solution,Šķīdums iekšķīgai lietošanai,1,Lactulosum,"Cooper Consumer Health B.V., Netherlands","Abbott Biologicals B.V., Netherlands",,,,,,,,,1,,,0,,A06AD11,Decentralizētā reģistrācijas procedūra,https://dati.zva.gov.lv/zalu-registrs/info/09-0375/pil,https://dati.zva.gov.lv/zalu-registrs/info/09-0375/smpc,"133,4 g/200 ml","ABPE pudele, N1","HDPE bottle, N1",1,Zālēm nav nepieciešami īpaši uzglabāšanas apstākļi,https://dati.zva.gov.lv/zalu-registrs/attachments/label/3956722/09-0375-0102974220.pdf;https://dati.zva.gov.lv/zalu-registrs/attachments/label/3956722/09-0375-0102974221.doc,,https://dati.zva.gov.lv/zalu-registrs/attachments/label/3956722/09-0375-0102974220.pdf;https://dati.zva.gov.lv/zalu-registrs/attachments/label/3956722/09-0375-0102974221.doc,7.74,8.67,0,0,Digestive / Oral care,A
04-0153-01,Faringodol 150 mg lozenges,Faringodol 150 mg sūkājamās tabletes,Faringodol,04-0153,28-MAY-09,,04-0153,bez receptes,10a p.,iesniegums plaši lietotām zālēm,150 mg,150 mg,Lozenge,Sūkājamā tablete,1,Cholini salicylas,"Perrigo Poland Sp. z o.o., Poland","Przedsiebiorstwo Produkcyjne-Handlowe ""EWA"" S.A., Poland",,,,,,,,,1,,,0,,A01AD11,Nacionālā reģistrācijas procedūra,https://dati.zva.gov.lv/zalu-registrs/info/04-0153/pil,https://dati.zva.gov.lv/zalu-registrs/info/04-0153/smpc,150 mg,"Kartona kastīte, PVH/PVDH/Al blisteris, N16","Carton box, PVC/PVDC/Al blister, N16",16,Uzglabāt temperatūrā līdz 25°C. Uzglabāt oriģinālā iepakojumā. Sargāt no mitruma,https://dati.zva.gov.lv/zalu-registrs/attachments/label/3767638/04-0153-0102830254.pdf;https://dati.zva.gov.lv/zalu-registrs/attachments/label/3767638/04-0153-0102830255.doc,,https://dati.zva.gov.lv/zalu-registrs/attachments/label/3767638/04-0153-0102830254.pdf;https://dati.zva.gov.lv/zalu-registrs/attachments/label/3767638/04-0153-0102830255.doc,7.68,8.6,0,0,Digestive / Oral care,A
00-0919-02,Microlax 625 mg/90 mg/9 mg/ml rectal solution,Microlax 625 mg/90 mg/9 mg/ml rektālais šķīdums,Microlax,00-0919,01-FEB-11,,00-0919,bez receptes,10a p.,iesniegums plaši lietotām zālēm,625 mg/90 mg/9 mg/ml,625 mg/90 mg/9 mg/ml,Rectal solution,Rektālais šķīdums,1,"Sorbitolum, Natrii citras, Natrii laurilsulfoacetas","McNeil AB, Sweden","Delpharm Orleans, France; JNTL Consumer Health (France) SAS, France",,,,,,,,,1,,,0,,A06AG11,Nacionālā reģistrācijas procedūra,https://dati.zva.gov.lv/zalu-registrs/info/00-0919/pil,https://dati.zva.gov.lv/zalu-registrs/info/00-0919/smpc,5 ml,"Kartona kastīte, Plastmasas tūbiņa, N4","Carton box, Tube, N4",4,Uzglabāt temperatūrā līdz 25°C. Nesasaldēt,https://dati.zva.gov.lv/zalu-registrs/attachments/label/3520322/00-0919-0202625691.pdf;https://dati.zva.gov.lv/zalu-registrs/attachments/label/3520322/00-0919-0202625692.doc,,https://dati.zva.gov.lv/zalu-registrs/attachments/label/3520322/00-0919-0202625691.pdf;https://dati.zva.gov.lv/zalu-registrs/attachments/label/3520322/00-0919-0202625692.doc,7.12,7.97,0,0,Digestive / Oral care,A
04-0341-01,"Gasec Gastrocaps 10 mg gastro-resistant capsules, hard",Gasec Gastrocaps 10 mg zarnās šķīstošās cietās kapsulas,Gasec Gastrocaps,04-0341,16-JUN-09,,04-0341,bez receptes,10 (1) p.,iesniegums ģenēriskām zālēm,10 mg,10 mg,"Gastro-resistant capsule, hard","Zarnās šķīstošā kapsula, cietā",2,Omeprazolum,"Teva B.V., Netherlands","Teva Pharma, S.L.U., Spain",,,,,,,,,1,,,0,,A02BC01,Nacionālā reģistrācijas procedūra,https://dati.zva.gov.lv/zalu-registrs/info/04-0341/pil,https://dati.zva.gov.lv/zalu-registrs/info/04-0341/smpc,10 mg,"Kartona kastīte, ABPE pudele, N14","Carton box, HDPE bottle, N14",14,"Uzglabāt temperatūrā līdz 30°C. Pudele jāuzglabā cieši aizvērta, lai pasargātu zāles no mitruma.",https://dati.zva.gov.lv/zalu-registrs/attachments/label/3945944/04-0341-0101777144.doc,,https://dati.zva.gov.lv/zalu-registrs/attachments/label/3945944/04-0341-0101777144.doc,3.73,4.18,0,0,Digestive / Oral care,A
04-0060-04,Lactulose-MIP 65 g/100 ml syrup,Lactulose-MIP 65 g/100 ml sīrups,Lactulose-MIP,04-0060,28-MAY-09,,04-0060,bez receptes,10a p.,iesniegums plaši lietotām zālēm,65 g/100 ml,65 g/100 ml,Syrup,Sīrups,1,Lactulosum,"MIP Pharma GmbH, Germany","Chephasaar Chem.-pharm. Fabrik GmbH, Germany",,,,,,,,,1,,,0,,A06AD11,Nacionālā reģistrācijas procedūra,https://dati.zva.gov.lv/zalu-registrs/info/04-0060/pil,https://dati.zva.gov.lv/zalu-registrs/info/04-0060/smpc,650 g/1000 ml,"Kartona kastīte, PET pudele, N1","Carton box, PET bottle, N1",1,Uzglabāt temperatūrā līdz 25°C.,https://dati.zva.gov.lv/zalu-registrs/attachments/label/2967080/04-0060-0402191955.docx,,https://dati.zva.gov.lv/zalu-registrs/attachments/label/2967080/04-0060-0402191955.docx,14.22,15.93,0,0,Digestive / Oral care,A
01-0442-07,Eucarbon herbal tablets,Eucarbon herbal tabletes,Eucarbon herbal,01-0442,30-JUL-07,,01-0442,bez receptes,10a p.,iesniegums plaši lietotām zālēm,,,Tablet,Tablete,1,"Sennae folii pulvis, Rhei radicis extractum siccum, Carbo ligni pulvis","F. Trenka chem.-pharm. Fabrik GmbH, Austria","F. Trenka chem.-pharm. Fabrik GmbH, Austria",,,,,,,,,1,,,0,,A06AB56,Nacionālā reģistrācijas procedūra,https://dati.zva.gov.lv/zalu-registrs/info/01-0442/pil,https://dati.zva.gov.lv/zalu-registrs/info/01-0442/smpc,1 UD,"PVH/PVDH/Al blisteris, N30","PVC/PVDC/Al blister, N30",30,"Uzglabāt oriģinālajā iepakojumā, lai pasargātu no gaismas. Šīm zālēm nav nepieciešama īpaša uzglabāšanas temperatūra.",https://dati.zva.gov.lv/zalu-registrs/attachments/label/3096486/01-0442-0101402872.doc,,https://dati.zva.gov.lv/zalu-registrs/attachments/label/3096486/01-0442-0101402872.doc,7.57,8.48,0,0,Digestive / Oral care,A
02-0350-01,Aciclovir Actavis 50 mg/g cream,Aciclovir Actavis 50 mg/g krēms,Aciclovir Actavis,02-0350,25-SEP-08,,02-0350,bez receptes,10a p.,iesniegums plaši lietotām zālēm,50 mg/g,50 mg/g,Cream,Krēms,2,Aciclovirum,"Teva B.V., Netherlands","Balkanpharma-Razgrad AD, Bulgaria",,,,,,,,,1,,,0,,D06BB03,Nacionālā reģistrācijas procedūra,https://dati.zva.gov.lv/zalu-registrs/info/02-0350/pil,https://dati.zva.gov.lv/zalu-registrs/info/02-0350/smpc,250 mg/5 g,"Kartona kastīte, Tūbiņa, N1","Carton box, Tube, N1",1,Uzglabāt temperatūrā līdz 25°C,https://dati.zva.gov.lv/zalu-registrs/attachments/label/3820477/02-0350-0102411428.pdf;https://dati.zva.gov.lv/zalu-registrs/attachments/label/3820477/02-0350-0202411431.doc,,https://dati.zva.gov.lv/zalu-registrs/attachments/label/3820477/02-0350-0102411428.pdf;https://dati.zva.gov.lv/zalu-registrs/attachments/label/3820477/02-0350-0202411431.doc,6.18,6.92,0,0,Dermatology / Antiseptic,D
05-0095-04,Braunol 75 mg/g cutaneous solution,Braunol 75 mg/g uz ādas lietojams šķīdums,Braunol,05-0095,21-MAY-10,,05-0095,bez receptes,10a p.,iesniegums plaši lietotām zālēm,75 mg/g,75 mg/g,Cutaneous solution,Uz ādas lietojams šķīdums,1,Povidonum iodinatum,"B.Braun Melsungen AG, Germany","B.Braun Melsungen AG, Germany",,,,,,,,,1,,,0,,D08AG02,Nacionālā reģistrācijas procedūra,https://dati.zva.gov.lv/zalu-registrs/info/05-0095/pil,https://dati.zva.gov.lv/zalu-registrs/info/05-0095/smpc,1000 ml,"Polietilēna pudele, N1","Polyethylene bottle, N1",1,Zālēm nav nepieciešami īpaši uzglabāšanas apstākļi,https://dati.zva.gov.lv/zalu-registrs/attachments/label/3827669/05-0095-0400109452.pdf,,https://dati.zva.gov.lv/zalu-registrs/attachments/label/3827669/05-0095-0400109452.pdf,19.89,22.28,0,0,Dermatology / Antiseptic,D
08-0027-02,Terbinafin-ratiopharm 10 mg/g cream,Terbinafin-ratiopharm 10 mg/g krēms,Terbinafin-ratiopharm,08-0027,24-MAY-11,,NL/H/0748/001,bez receptes,10 (1) p.,iesniegums ģenēriskām zālēm,10 mg/g,10 mg/g,Cream,Krēms,1,Terbinafini hydrochloridum,"Ratiopharm GmbH, Germany","Merckle GmbH, Germany",,,,,,,,,1,,,0,,D01AE15,Savstarpējās atzīšanas procedūra,https://dati.zva.gov.lv/zalu-registrs/info/08-0027/pil,https://dati.zva.gov.lv/zalu-registrs/info/08-0027/smpc,150 mg/15 g,"Kartona kastīte, Alumīnija tūba, N1","Carton box, Aluminium tube, N1",1,Uzglabāt oriģinālajā iepakojumā. Nesasaldēt. Turēt tūbiņu cieši aizvērtu.,https://dati.zva.gov.lv/zalu-registrs/attachments/label/3613655/08-0027-0101949212.doc,,https://dati.zva.gov.lv/zalu-registrs/attachments/label/3613655/08-0027-0101949212.doc,8.47,9.49,0,0,Dermatology / Antiseptic,D
07-0030-03,Ketoconazol-ratiopharm 20 mg/ml shampoo,Ketoconazol-ratiopharm 20 mg/ml šampūns,Ketoconazol-ratiopharm,07-0030,06-APR-11,,FI/H/0623/001,bez receptes,10a p.,iesniegums plaši lietotām zālēm,20 mg/ml,20 mg/ml,Shampoo,Šampūns,2,Ketoconazolum,"Ratiopharm GmbH, Germany","Laboratorios Feltor S.A., Spain",,,,,,,,,1,,,0,,D01AC08,Savstarpējās atzīšanas procedūra,https://dati.zva.gov.lv/zalu-registrs/info/07-0030/pil,https://dati.zva.gov.lv/zalu-registrs/info/07-0030/smpc,"2,4 g/120 ml","Kartona kastīte, ABPE pudele, N1","Carton box, HDPE bottle, N1",1,Nav nepieciešami īpaši uzglabāšanas apstākļi,https://dati.zva.gov.lv/zalu-registrs/attachments/label/3919278/07-0030-0202212280.doc,,https://dati.zva.gov.lv/zalu-registrs/attachments/label/3919278/07-0030-0202212280.doc,16.54,18.52,0,0,Dermatology / Antiseptic,D
00-0566-01,Acic 5% cream,Acic 5% krēms,Acic,00-0566,01-OCT-10,,00-0566,bez receptes,10a p.,iesniegums plaši lietotām zālēm,50 mg/g,50 mg/g,Cream,Krēms,2,Aciclovirum,"Sandoz d.d., Slovenia","Salutas Pharma GmbH, Germany; Salutas Pharma GmbH, Germany",,,,,,,,,1,,,0,,D06BB03,Nacionālā reģistrācijas procedūra,https://dati.zva.gov.lv/zalu-registrs/info/00-0566/pil,https://dati.zva.gov.lv/zalu-registrs/info/00-0566/smpc,100 mg/2 g,"Kartona kastīte, Alumīnija tūbiņa, N1","Carton box, Aluminium tube, N1",1,Zālēm nav nepieciešami īpaši uzglabāšanas apstākļi.,https://dati.zva.gov.lv/zalu-registrs/attachments/label/3362148/00-0566-0101747721.doc,,https://dati.zva.gov.lv/zalu-registrs/attachments/label/3362148/00-0566-0101747721.doc,6.06,6.79,0,0,Dermatology / Antiseptic,D
06-0240-01,Iodine Valentis 50 mg/ml cutaneous solution,Joda šķīdums Valentis 50 mg/ml uz ādas lietojams šķīdums,Iodine Valentis,06-0240,21-MAY-12,,06-0240,bez receptes,10a p.,iesniegums plaši lietotām zālēm,50 mg/ml,50 mg/ml,Cutaneous solution,Uz ādas lietojams šķīdums,1,Iodum,"UAB Valentis, Lithuania","UAB Valentis, Lithuania",,,,,,,,,1,,,0,,D08AG03,Nacionālā reģistrācijas procedūra,https://dati.zva.gov.lv/zalu-registrs/info/06-0240/pil,https://dati.zva.gov.lv/zalu-registrs/info/06-0240/smpc,500 mg/10 ml,"Kartona kastīte, Stikla pudelīte (brūna), N1","Carton box, Glass bottle (brown), N1",1,Uzglabāt temperatūrā līdz 25°C.;Uzglabāt cieši noslēgtā pudelītē.;Uzglabāt pudelīti ārējā iepakojumā lai pasargātu no gaismas.,https://dati.zva.gov.lv/zalu-registrs/attachments/label/1650121/06-0240-0100755108.doc,,https://dati.zva.gov.lv/zalu-registrs/attachments/label/1650121/06-0240-0100755108.doc,1.16,1.3,0,0,Dermatology / Antiseptic,D
05-0367-01,Pretniezes 10 mg/g gels,Pretniezes 10 mg/g gels,Pretniezes,05-0367,26-NOV-10,,05-0367,bez receptes,10a p.,iesniegums plaši lietotām zālēm,10 mg/g,10 mg/g,Gel,Gels,1,Diphenhydramini hydrochloridum,"LMP, SIA, Latvia","LMP, SIA, Latvia",,,,,,,,,1,,,0,,D04AA32,Nacionālā reģistrācijas procedūra,https://dati.zva.gov.lv/zalu-registrs/info/05-0367/pil,https://dati.zva.gov.lv/zalu-registrs/info/05-0367/smpc,300 mg/30 g,"Kartona kastīte, Alumīnija tūba, N1","Carton box, Aluminium tube, N1",1,"Uzglabāt temperatūrā līdz 25 °C. Uzglabāt oriģinālā iepakojumā, lai pasargātu no gaismas un mitruma.",https://dati.zva.gov.lv/zalu-registrs/attachments/label/3585205/05-0367-0102707053.pdf;https://dati.zva.gov.lv/zalu-registrs/attachments/label/3585205/05-0367-0102707054.docx,,https://dati.zva.gov.lv/zalu-registrs/attachments/label/3585205/05-0367-0102707053.pdf;https://dati.zva.gov.lv/zalu-registrs/attachments/label/3585205/05-0367-0102707054.docx,6.33,7.09,0,0,Dermatology / Antiseptic,D
02-0037-01,Fenivir 1% cream,Fenivir 1% krēms,Fenivir,02-0037,25-SEP-07,,02-0037,bez receptes,8 (3) p.,pilns iesniegums,10 mg/g,10 mg/g,Cream,Krēms,1,Penciclovirum,"Perrigo Poland Sp. z o.o., Poland","Omega Pharma International NV, Belgium; Medgenix Benelux NV, Belgium",,,,,,,,,1,,,0,,D06BB06,Nacionālā reģistrācijas procedūra,https://dati.zva.gov.lv/zalu-registrs/info/02-0037/pil,https://dati.zva.gov.lv/zalu-registrs/info/02-0037/smpc,20 mg/2 g,"Alumīnija tūbiņa, N1","Aluminium tube, N1",1,Uzglabāt temperatūrā līdz 25°C. Nesasaldēt.,https://dati.zva.gov.lv/zalu-registrs/attachments/label/3767523/02-0037-0102830126.pdf;https://dati.zva.gov.lv/zalu-registrs/attachments/label/3767523/02-0037-0102830127.doc,,https://dati.zva.gov.lv/zalu-registrs/attachments/label/3767523/02-0037-0102830126.pdf;https://dati.zva.gov.lv/zalu-registrs/attachments/label/3767523/02-0037-0102830127.doc,8.91,9.98,0,0,Dermatology / Antiseptic,D
12-0140-01,Onytec 80 mg/g medicated nail lacquer,Onytec 80 mg/g ārstnieciskā nagu laka,Onytec,12-0140,21-MAY-18,,DE/H/2952/001,bez receptes,8 (3) p.,pilns iesniegums,80 mg/g,80 mg/g,Medicated nail lacquer,Ārstnieciskā nagu laka,2,Ciclopiroxum,"Polichem SA, Luxembourg","Almirall Hermal GmbH, Germany; Doppel Farmaceutici S.R.L., Italy; Alfasigma S.p.A., Italy",,,,,,,,,1,,,0,,D01AE14,Decentralizētā reģistrācijas procedūra,https://dati.zva.gov.lv/zalu-registrs/info/12-0140/pil,https://dati.zva.gov.lv/zalu-registrs/info/12-0140/smpc,"3,3 ml","Kartona kastīte, Stikla pudelīte, N1","Carton box, Glass bottle, N1",1,"Uzglabāt pudeli ārējā kartona iepakojumā, lai pasargātu no gaismas. Neatdzesēt un nesasaldēt.;Šis produkts ir viegli uzliesmojošs. Sargāt no karstuma un atklātas liesmas.",https://dati.zva.gov.lv/zalu-registrs/attachments/label/3987075/12-0140-0201746222.docx,,https://dati.zva.gov.lv/zalu-registrs/attachments/label/3987075/12-0140-0201746222.docx,26.74,29.95,0,0,Dermatology / Antiseptic,D
00-0633-01,Levomekols 7.5 mg/40 mg/g ziede,"Levomekols 7,5 mg/40 mg/g ziede",Levomekols,00-0633,22-OCT-10,,00-0633,bez receptes,10a p.,iesniegums plaši lietotām zālēm,7.5 mg/40 mg/g,"7,5 mg/40 mg/g",Ointment,Ziede,1,"Methyluracilum, Chloramphenicolum","Stada Arzneimittel AG, Germany","Aniss SIA, Latvia",,,,,,,,,1,,2026.08.31,0,,D06C,Nacionālā reģistrācijas procedūra,https://dati.zva.gov.lv/zalu-registrs/info/00-0633/pil,https://dati.zva.gov.lv/zalu-registrs/info/00-0633/smpc,40 g,"Kartona kastīte, Alumīnija tūba, N1","Carton box, Aluminium tube, N1",1,Uzglabāt temperatūrā līdz 25 °C.,https://dati.zva.gov.lv/zalu-registrs/attachments/label/3869834/00-0633-0102596244.docx;https://dati.zva.gov.lv/zalu-registrs/attachments/label/3869834/00-0633-0102596243.pdf,,https://dati.zva.gov.lv/zalu-registrs/attachments/label/3869834/00-0633-0102596244.docx;https://dati.zva.gov.lv/zalu-registrs/attachments/label/3869834/00-0633-0102596243.pdf,6.56,7.35,0,0,Dermatology / Antiseptic,D
01-0246-02,Ibuprofen JNX 400 mg film-coated tablets,Ibuprofen JNX 400 mg apvalkotās tabletes,Ibuprofen JNX,01-0246,20-NOV-06,,01-0246,bez receptes,10a p.,iesniegums plaši lietotām zālēm,400 mg,400 mg,Coated tablet,Apvalkotā tablete,1,Ibuprofenum,"G.L. Pharma GmbH, Austria","G.L. Pharma GmbH, Austria",,,,,,,,,1,,,0,,M01AE01,Nacionālā reģistrācijas procedūra,https://dati.zva.gov.lv/zalu-registrs/info/01-0246/pil,https://dati.zva.gov.lv/zalu-registrs/info/01-0246/smpc,400 mg,"Blisteris, N10","Blister, N10",10,"Zālēm nav nepieciešama īpaša uzglabāšanas temperatūra. Uzglabāt oriģinālā iepakojumā, lai pasargātu no gaismas.",https://dati.zva.gov.lv/zalu-registrs/attachments/label/3693574/01-0246-0101712446.doc,,https://dati.zva.gov.lv/zalu-registrs/attachments/label/3693574/01-0246-0101712446.doc,2.66,2.98,0,5,Anti-inflammatory / Pain relief,M
08-0205-05,Nurofen Forte Express 400 mg coated tablets,Nurofen Forte Express 400 mg apvalkotās tabletes,Nurofen Forte Express,08-0205,05-OCT-15,,08-0205,bez receptes,8 (3) p.,pilns iesniegums,400 mg,400 mg,Coated tablet,Apvalkotā tablete,1,Ibuprofenum,"Reckitt Benckiser (Poland) S.A., Poland","Elvim, SIA, Latvia; RB NL Brands B.V., Netherlands",,,,,,,,,1,,,0,,M01AE01,Nacionālā reģistrācijas procedūra,https://dati.zva.gov.lv/zalu-registrs/info/08-0205/pil,https://dati.zva.gov.lv/zalu-registrs/info/08-0205/smpc,400 mg,"Kartona kastīte, PVH/PVDH/Al blisteris, N24","Carton box, PVC/PVDC/Al blister, N24",24,Zālēm nav nepieciešami īpaši uzglabāšanas apstākļi.,https://dati.zva.gov.lv/zalu-registrs/attachments/label/3680229/08-0205-0601949810.doc,,https://dati.zva.gov.lv/zalu-registrs/attachments/label/3680229/08-0205-0601949810.doc,7.78,8.71,0,4,Anti-inflammatory / Pain relief,M
10-0476-03,Nurofen for Children Orange 200 mg/5 ml oral suspension,Nurofen for Children Orange 200 mg/5 ml suspensija iekšķīgai lietošanai,Nurofen for Children Orange,10-0476,28-OCT-16,,DE/H/2206/001,bez receptes,8 (3) p.,pilns iesniegums,200 mg/5 ml,200 mg/5 ml,Oral suspension,Suspensija iekšķīgai lietošanai,1,Ibuprofenum,"Reckitt Benckiser (Poland) S.A., Poland","Elvim, SIA, Latvia; RB NL Brands B.V., Netherlands",,,,,,,,,1,,,0,,M01AE01,Decentralizētā reģistrācijas procedūra,https://dati.zva.gov.lv/zalu-registrs/info/10-0476/pil,https://dati.zva.gov.lv/zalu-registrs/info/10-0476/smpc,4000 mg/100 ml,"Kartona kastīte, PET pudele (brūna), N1","Carton box, PET bottle (brown), N1",1,Uzglabāt temperatūrā līdz 25°C.,https://dati.zva.gov.lv/zalu-registrs/attachments/label/3895537/10-0476-0501705219.doc,,https://dati.zva.gov.lv/zalu-registrs/attachments/label/3895537/10-0476-0501705219.doc,10.78,12.07,0,4,Anti-inflammatory / Pain relief,M
01-0246-04,Ibuprofen JNX 400 mg film-coated tablets,Ibuprofen JNX 400 mg apvalkotās tabletes,Ibuprofen JNX,01-0246,20-NOV-06,,01-0246,bez receptes,10a p.,iesniegums plaši lietotām zālēm,400 mg,400 mg,Coated tablet,Apvalkotā tablete,1,Ibuprofenum,"G.L. Pharma GmbH, Austria","G.L. Pharma GmbH, Austria",,,,,,,,,1,,,0,,M01AE01,Nacionālā reģistrācijas procedūra,https://dati.zva.gov.lv/zalu-registrs/info/01-0246/pil,https://dati.zva.gov.lv/zalu-registrs/info/01-0246/smpc,400 mg,"Blisteris, N100","Blister, N100",100,"Zālēm nav nepieciešama īpaša uzglabāšanas temperatūra. Uzglabāt oriģinālā iepakojumā, lai pasargātu no gaismas.",https://dati.zva.gov.lv/zalu-registrs/attachments/label/3693590/01-0246-0101712446.doc,,https://dati.zva.gov.lv/zalu-registrs/attachments/label/3693590/01-0246-0101712446.doc,9.8,10.98,0,5,Anti-inflammatory / Pain relief,M
10-0477-03,Nurofen for Children Strawberry 200 mg/5 ml oral suspension,Nurofen for Children Strawberry 200 mg/5 ml suspensija iekšķīgai lietošanai,Nurofen for Children Strawberry,10-0477,28-OCT-16,,DE/H/2206/002,bez receptes,8 (3) p.,pilns iesniegums,200 mg/5 ml,200 mg/5 ml,Oral suspension,Suspensija iekšķīgai lietošanai,1,Ibuprofenum,"Reckitt Benckiser (Poland) S.A., Poland","Elvim, SIA, Latvia; RB NL Brands B.V., Netherlands",,,,,,,,,1,,,0,,M01AE01,Decentralizētā reģistrācijas procedūra,https://dati.zva.gov.lv/zalu-registrs/info/10-0477/pil,https://dati.zva.gov.lv/zalu-registrs/info/10-0477/smpc,4000 mg/100 ml,"Kartona kastīte, PET pudele (brūna), N1","Carton box, PET bottle (brown), N1",1,Uzglabāt temperatūrā līdz 25°C.,https://dati.zva.gov.lv/zalu-registrs/attachments/label/3895568/10-0477-0101970354.doc,,https://dati.zva.gov.lv/zalu-registrs/attachments/label/3895568/10-0477-0101970354.doc,10.78,12.07,0,4,Anti-inflammatory / Pain relief,M
22-0033-04,Ibuprofenum US Pharmacia 400 mg film-coated tablets,Ibuprofenum US Pharmacia 400 mg apvalkotās tabletes,Ibuprofenum US Pharmacia,22-0033,21-FEB-22,,PL/H/0709/001,bez receptes,10 (1) p.,iesniegums ģenēriskām zālēm,400 mg,400 mg,Film-coated tablet,Apvalkotā tablete,1,Ibuprofenum,"US Pharmacia Sp. z o.o., Poland","US Pharmacia Sp. z o.o., Poland",,,,,,,,,1,,,0,,M01AE01,Decentralizētā reģistrācijas procedūra,https://dati.zva.gov.lv/zalu-registrs/info/22-0033/pil,https://dati.zva.gov.lv/zalu-registrs/info/22-0033/smpc,400 mg,"Kartona kastīte, PVH/PVDH/Al blisteris, N12","Carton box, PVC/PVDC/Al blister, N12",12,Zālēm nav nepieciešami īpaši uzglabāšanas apstākļi.,https://dati.zva.gov.lv/zalu-registrs/attachments/label/4007350/22-0032-0102114424.docx,,https://dati.zva.gov.lv/zalu-registrs/attachments/label/4007350/22-0032-0102114424.docx,2.99,3.35,0,5,Anti-inflammatory / Pain relief,M
I001476-01,Nurofen for children with orange flavor 40 mg/ml oral suspension,Nurofen bērniem ar apelsīnu garšu 40 mg/ml suspensija iekšķīgai lietošanai,Nurofen,I001476,28-JUN-22,,I001476-001,bez receptes,8 (3) p.,pilns iesniegums,200 mg/5 ml,200 mg/5 ml,Oral suspension,Suspensija iekšķīgai lietošanai,1,Ibuprofenum,"Reckitt Benckiser Deutschland GmbH, Germany","RB NL Brands B.V., Netherlands","Sabiedrība ar ierobežotu atbildību “MAGNUM  MEDICAL”, Latvia","Sabiedrība ar ierobežotu atbildību “MAGNUM  MEDICAL”, Latvija","Sabiedrība ar ierobežotu atbildību “MAGNUM  MEDICAL”, Latvia",,,,Vācija,Germany,1,,,0,,M01AE01,Paralēlais imports,https://dati.zva.gov.lv/zalu-registrs/info/I001476/pil,https://dati.zva.gov.lv/zalu-registrs/info/I001476/smpc,4000 mg/100 ml,"Kartona kastīte, PET pudele (brūna), N1","Carton box, PET bottle (brown), N1",1,Uzglabāt temperatūrā līdz 25°C.,,https://dati.zva.gov.lv/zalu-registrs/attachments/label/3959442/I001476-0102206986.jpg,https://dati.zva.gov.lv/zalu-registrs/attachments/label/3959442/I001476-0102206985.jpg,9.85,11.03,0,4,Anti-inflammatory / Pain relief,M
10-0476-04,Nurofen for Children Orange 200 mg/5 ml oral suspension,Nurofen for Children Orange 200 mg/5 ml suspensija iekšķīgai lietošanai,Nurofen for Children Orange,10-0476,28-OCT-16,,DE/H/2206/001,bez receptes,8 (3) p.,pilns iesniegums,200 mg/5 ml,200 mg/5 ml,Oral suspension,Suspensija iekšķīgai lietošanai,1,Ibuprofenum,"Reckitt Benckiser (Poland) S.A., Poland","Elvim, SIA, Latvia; RB NL Brands B.V., Netherlands",,,,,,,,,1,,,0,,M01AE01,Decentralizētā reģistrācijas procedūra,https://dati.zva.gov.lv/zalu-registrs/info/10-0476/pil,https://dati.zva.gov.lv/zalu-registrs/info/10-0476/smpc,6000 mg/150 ml,"Kartona kastīte, PET pudele (brūna), N1","Carton box, PET bottle (brown), N1",1,Uzglabāt temperatūrā līdz 25°C.,https://dati.zva.gov.lv/zalu-registrs/attachments/label/3895546/10-0476-0501705219.doc,,https://dati.zva.gov.lv/zalu-registrs/attachments/label/3895546/10-0476-0501705219.doc,13.54,15.16,0,4,Anti-inflammatory / Pain relief,M
13-0110-01,Ibuprofen Inteli 100 mg/5 ml oral suspension,Ibuprofen Inteli 100 mg/5 ml suspensija iekšķīgai lietošanai,Ibuprofen Inteli,13-0110,22-FEB-19,,13-0110,bez receptes,10 (1) p.,iesniegums ģenēriskām zālēm,20 mg/ml,20 mg/ml,Oral suspension,Suspensija iekšķīgai lietošanai,1,Ibuprofenum,"Inteli Generics Nord UAB, Lithuania","LABORATORIO ALDO-UNION, S.L., Spain",,,,,,,,,1,,,0,,M01AE01,Nacionālā reģistrācijas procedūra,https://dati.zva.gov.lv/zalu-registrs/info/13-0110/pil,https://dati.zva.gov.lv/zalu-registrs/info/13-0110/smpc,4000 mg/200 ml,"Kartona kastīte, PET pudele, N1","Carton box, PET bottle, N1",1,Neatdzesēt un nesasaldēt.,https://dati.zva.gov.lv/zalu-registrs/attachments/label/3777324/13-0110-0101868105.doc,,https://dati.zva.gov.lv/zalu-registrs/attachments/label/3777324/13-0110-0101868105.doc,6.88,7.71,0,5,Anti-inflammatory / Pain relief,M
05-0527-01,Ibuprofen-Grindeks 400 mg film-coated tablets,Ibuprofen-Grindeks 400 mg apvalkotās tabletes,Ibuprofen-Grindeks,05-0527,30-DEC-10,,05-0527,bez receptes,10a p.,iesniegums plaši lietotām zālēm,400 mg,400 mg,Film-coated tablet,Apvalkotā tablete,1,Ibuprofenum,"Grindeks, AS, Latvia","AS ""Grindeks"", Latvia",,,,,,,,,1,,,0,,M01AE01,Nacionālā reģistrācijas procedūra,https://dati.zva.gov.lv/zalu-registrs/info/05-0527/pil,https://dati.zva.gov.lv/zalu-registrs/info/05-0527/smpc,400 mg,"Kartona kastīte, PVH/Al blisteris, N10","Carton box, PVC/Al blister, N10",10,"Uzglabāt temperatūrā līdz 25°C. Uzglabāt oriģinālā iepakojumā, lai pasargātu no gaismas.",https://dati.zva.gov.lv/zalu-registrs/attachments/label/3473308/05-0527-0101949443.doc,,https://dati.zva.gov.lv/zalu-registrs/attachments/label/3473308/05-0527-0101949443.doc,1.82,2.04,0,5,Anti-inflammatory / Pain relief,M
00-0672-01,Paracetamol SanoSwiss 500 mg tablets,Paracetamol SanoSwiss 500 mg tabletes,Paracetamol SanoSwiss,00-0672,03-MAY-11,,00-0672,bez receptes,10a p.,iesniegums plaši lietotām zālēm,500 mg,500 mg,Tablet,Tablete,1,Paracetamolum,"SanoSwiss UAB, Lithuania","Holsten Pharma GmbH., Germany",,,,,,,,,1,,,0,,N02BE01,Nacionālā reģistrācijas procedūra,https://dati.zva.gov.lv/zalu-registrs/info/00-0672/pil,https://dati.zva.gov.lv/zalu-registrs/info/00-0672/smpc,500 mg,"Kartona kastīte, PVH/Al blisteris, N20","Carton box, PVC/Al blister, N20",20,Uzglabāt temperatūrā līdz 25°C.,https://dati.zva.gov.lv/zalu-registrs/attachments/label/3781440/00-0672-0102695804.pdf;https://dati.zva.gov.lv/zalu-registrs/attachments/label/3781440/00-0672-0102695805.doc,,https://dati.zva.gov.lv/zalu-registrs/attachments/label/3781440/00-0672-0102695804.pdf;https://dati.zva.gov.lv/zalu-registrs/attachments/label/3781440/00-0672-0102695805.doc,3.53,3.95,0,5,Anti-inflammatory / Pain relief,N
06-0043-01,Paracetamol Unifarma 500 mg tablets,Paracetamol Unifarma 500 mg tabletes,Paracetamol Unifarma,06-0043,30-DEC-10,,06-0043,bez receptes,10a p.,iesniegums plaši lietotām zālēm,500 mg,500 mg,Tablet,Tablete,1,Paracetamolum,"Unifarma, SIA, Latvia","SIA Unifarma, Latvia",,,,,,,,,1,,,0,,N02BE01,Nacionālā reģistrācijas procedūra,https://dati.zva.gov.lv/zalu-registrs/info/06-0043/pil,https://dati.zva.gov.lv/zalu-registrs/info/06-0043/smpc,500 mg,"Kartona kastīte, PVH/Al blisteris, N20","Carton box, PVC/Al blister, N20",20,Uzglabāt temperatūrā līdz 30°C.,https://dati.zva.gov.lv/zalu-registrs/attachments/label/3814738/06-0043-0101453684.doc,,https://dati.zva.gov.lv/zalu-registrs/attachments/label/3814738/06-0043-0101453684.doc,2.66,2.98,0,5,Anti-inflammatory / Pain relief,N
22-0083-03,Paracetamol Zentiva 500 mg tablets,Paracetamol Zentiva 500 mg tabletes,Paracetamol Zentiva,22-0083,28-APR-22,,CZ/H/1084/001,bez receptes,10 (1) p.,iesniegums ģenēriskām zālēm,500 mg,500 mg,Tablet,Tablete,1,Paracetamolum,"Zentiva, k.s., Czech Republic","Zentiva S.A., Romania",,,,,,,,,1,,,0,,N02BE01,Decentralizētā reģistrācijas procedūra,https://dati.zva.gov.lv/zalu-registrs/info/22-0083/pil,https://dati.zva.gov.lv/zalu-registrs/info/22-0083/smpc,500 mg,"Kartona kastīte, PVH/Al blisteris, N20","Carton box, PVC/Al blister, N20",20,Šīm zālēm nav nepieciešami īpaši uzglabāšanas apstākļi.,https://dati.zva.gov.lv/zalu-registrs/attachments/label/3960502/22-0083-0102939137.pdf;https://dati.zva.gov.lv/zalu-registrs/attachments/label/3960502/22-0083-0102939138.docx,,https://dati.zva.gov.lv/zalu-registrs/attachments/label/3960502/22-0083-0102939137.pdf;https://dati.zva.gov.lv/zalu-registrs/attachments/label/3960502/22-0083-0102939138.docx,3.26,3.65,0,5,Anti-inflammatory / Pain relief,N
95-0312-01,Aspirin 500 mg tablets,Aspirin 500 mg tabletes,Aspirin,95-0312,26-NOV-10,,95-0312,bez receptes,10a p.,iesniegums plaši lietotām zālēm,500 mg,500 mg,Tablet,Tablete,1,Acidum acetylsalicylicum,"UAB Bayer, Lithuania","Bayer Bitterfeld GmbH, Germany",,,,,,,,,1,,,0,,N02BA01,Nacionālā reģistrācijas procedūra,https://dati.zva.gov.lv/zalu-registrs/info/95-0312/pil,https://dati.zva.gov.lv/zalu-registrs/info/95-0312/smpc,"0,5 g","Kartona kastīte, PP/Al blisteris, N20","Carton box, PP/Al blister, N20",20,Uzglabāt temperatūrā līdz 30°C.,https://dati.zva.gov.lv/zalu-registrs/attachments/label/3999227/95-0312-0102238646.docx,,https://dati.zva.gov.lv/zalu-registrs/attachments/label/3999227/95-0312-0102238646.docx,4.2,4.7,0,4,Anti-inflammatory / Pain relief,N
95-0312-03,Aspirin 500 mg tablets,Aspirin 500 mg tabletes,Aspirin,95-0312,26-NOV-10,,95-0312,bez receptes,10a p.,iesniegums plaši lietotām zālēm,500 mg,500 mg,Tablet,Tablete,1,Acidum acetylsalicylicum,"UAB Bayer, Lithuania","Bayer Bitterfeld GmbH, Germany",,,,,,,,,1,,,0,,N02BA01,Nacionālā reģistrācijas procedūra,https://dati.zva.gov.lv/zalu-registrs/info/95-0312/pil,https://dati.zva.gov.lv/zalu-registrs/info/95-0312/smpc,"0,5 g","Kartona kastīte, PP/Al blisteris, N100","Carton box, PP/Al blister, N100",100,Uzglabāt temperatūrā līdz 30°C.,https://dati.zva.gov.lv/zalu-registrs/attachments/label/3999233/95-0312-0102238646.docx,,https://dati.zva.gov.lv/zalu-registrs/attachments/label/3999233/95-0312-0102238646.docx,12.25,13.72,0,4,Anti-inflammatory / Pain relief,N
97-0064-01,Paracetamol-ratiopharm 250 mg suppositories,Paracetamol-ratiopharm 250 mg supozitoriji,Paracetamol-ratiopharm,97-0064,25-SEP-07,,97-0064,bez receptes,10a p.,iesniegums plaši lietotām zālēm,250 mg,250 mg,Suppository,Supozitorijs,1,Paracetamolum,"Ratiopharm GmbH, Germany","Merckle GmbH, Germany",,,,,,,,,1,,,0,,N02BE01,Nacionālā reģistrācijas procedūra,https://dati.zva.gov.lv/zalu-registrs/info/97-0064/pil,https://dati.zva.gov.lv/zalu-registrs/info/97-0064/smpc,250 mg,"Kartona kastīte, Blisteris, N10","Carton box, Blister, N10",10,Uzglabāt temperatūrā līdz 25° C,https://dati.zva.gov.lv/zalu-registrs/attachments/label/3820491/97-0064-0100514674.doc,,https://dati.zva.gov.lv/zalu-registrs/attachments/label/3820491/97-0064-0100514674.doc,5.74,6.43,0,5,Anti-inflammatory / Pain relief,N
I001174-01,Paracetamol Sopharma 500 mg tablets,Paracetamol Sopharma 500 mg tabletes,Paracetamol Sopharma,I001174,09-APR-20,,I001174-001,bez receptes,10a p.,iesniegums plaši lietotām zālēm,500 mg,500 mg,Tablet,Tablete,1,Paracetamolum,"Sopharma AD, Bulgaria","Sopharma AD, Bulgaria","Sabiedrība ar ierobežotu atbildību “ELPIS”, Latvia","Sabiedrība ar ierobežotu atbildību “ELPIS”, Latvija","Sabiedrība ar ierobežotu atbildību “ELPIS”, Latvia",,,,Bulgārija,Bulgaria,1,,,0,,N02BE01,Paralēlais imports,https://dati.zva.gov.lv/zalu-registrs/info/I001174/pil,https://dati.zva.gov.lv/zalu-registrs/info/I001174/smpc,500 mg,"Kartona kastīte, PVH/Al blisteris, N20","Carton box, PVC/Al blister, N20",20,Šīm zālēm nav nepieciešami īpašu uzglabāšanas nosacījumi.,,https://dati.zva.gov.lv/zalu-registrs/attachments/label/3838356/I001174-0102077304.jpg;https://dati.zva.gov.lv/zalu-registrs/attachments/label/3838356/I001174-0101647188.jpg,https://dati.zva.gov.lv/zalu-registrs/attachments/label/3838356/I001174-0101647187.jpg,3.27,3.66,0,5,Anti-inflammatory / Pain relief,N
97-0063-01,Paracetamol-ratiopharm 125 mg suppositories,Paracetamol-ratiopharm 125 mg supozitoriji,Paracetamol-ratiopharm,97-0063,25-SEP-07,,97-0063,bez receptes,10a p.,iesniegums plaši lietotām zālēm,125 mg,125 mg,Suppository,Supozitorijs,1,Paracetamolum,"Ratiopharm GmbH, Germany","Merckle GmbH, Germany",,,,,,,,,1,,,0,,N02BE01,Nacionālā reģistrācijas procedūra,https://dati.zva.gov.lv/zalu-registrs/info/97-0063/pil,https://dati.zva.gov.lv/zalu-registrs/info/97-0063/smpc,125 mg,"Kartona kastīte, Blisteris, N10","Carton box, Blister, N10",10,Uzglabāt temperatūrā līdz 25 ° C,https://dati.zva.gov.lv/zalu-registrs/attachments/label/3948303/97-0063-0100827615.doc,,https://dati.zva.gov.lv/zalu-registrs/attachments/label/3948303/97-0063-0100827615.doc,4.81,5.39,0,5,Anti-inflammatory / Pain relief,N
10-0661-01,Paracetamol Sopharma 500 mg tablets,Paracetamol Sopharma 500 mg tabletes,Paracetamol Sopharma,10-0661,05-OCT-15,,10-0661,bez receptes,10a p.,iesniegums plaši lietotām zālēm,500 mg,500 mg,Tablet,Tablete,1,Paracetamolum,"Sopharma AD, Bulgaria","Sopharma AD, Bulgaria",,,,,,,,,1,,,0,,N02BE01,Nacionālā reģistrācijas procedūra,https://dati.zva.gov.lv/zalu-registrs/info/10-0661/pil,https://dati.zva.gov.lv/zalu-registrs/info/10-0661/smpc,500 mg,"Kartona kastīte, PVH/Al blisteris, N20","Carton box, PVC/Al blister, N20",20,Šīm zālēm nav nepieciešami īpašu uzglabāšanas nosacījumi.,https://dati.zva.gov.lv/zalu-registrs/attachments/label/3928236/10-0661-0102044869.doc,,https://dati.zva.gov.lv/zalu-registrs/attachments/label/3928236/10-0661-0102044869.doc,3.43,3.84,0,5,Anti-inflammatory / Pain relief,N
98-0498-01,Aspirin C 400 mg/240 mg effervescent tablets,Aspirin C 400 mg/240 mg putojošās tabletes,Aspirin C,98-0498,06-NOV-09,,98-0498,bez receptes,10a p.,iesniegums plaši lietotām zālēm,400 mg/240 mg,400 mg/240 mg,Effervescent tablet,Putojošā tablete,1,"Acidum acetylsalicylicum, Acidum ascorbicum","UAB Bayer, Lithuania","Bayer Bitterfeld GmbH, Germany",,,,,,,,,1,,,0,,N02BA51,Nacionālā reģistrācijas procedūra,https://dati.zva.gov.lv/zalu-registrs/info/98-0498/pil,https://dati.zva.gov.lv/zalu-registrs/info/98-0498/smpc,400 mg/240 mg,"Kartona kastīte, Papīra/PE/Al/Surlyn paciņa, N10","Carton box, Paper/PE/Al/Surlyn sachet, N10",10,Uzglabāt temperatūrā līdz 25°C.,https://dati.zva.gov.lv/zalu-registrs/attachments/label/3999214/98-0498-0101846085.doc,,https://dati.zva.gov.lv/zalu-registrs/attachments/label/3999214/98-0498-0101846085.doc,5.53,6.19,0,4,Anti-inflammatory / Pain relief,N
00-0515-01,ACC 200 mg effervescent tablets,ACC 200 mg putojošās tabletes,ACC,00-0515,01-OCT-10,,00-0515,bez receptes,10a p.,iesniegums plaši lietotām zālēm,200 mg,200 mg,Effervescent tablet,Putojošā tablete,1,Acetylcysteinum,"Sandoz d.d., Slovenia","Salutas Pharma GmbH, Germany; Hermes Pharma Ges.m.b.H., Austria; Hermes Pharma GmbH, Germany",,,,,,,,,1,,,0,,R05CB01,Nacionālā reģistrācijas procedūra,https://dati.zva.gov.lv/zalu-registrs/info/00-0515/pil,https://dati.zva.gov.lv/zalu-registrs/info/00-0515/smpc,200 mg,"Kartona kastīte, PP tūba, N20","Carton box, PP tube, N20",20,Uzglabāt temperatūrā līdz 25°C. Uzglabāt oriģinālā iepakojumā. Sargāt no gaismas un mitruma.,https://dati.zva.gov.lv/zalu-registrs/attachments/label/4013231/00-0515-0101602044.doc,,https://dati.zva.gov.lv/zalu-registrs/attachments/label/4013231/00-0515-0101602044.doc,6.18,6.92,0,0,Cold / Cough / Allergy,R
02-0348-01,Loratin 10 mg tablets,Loratin 10 mg tabletes,Loratin,02-0348,12-MAY-08,,02-0348,bez receptes,10 (1) p.,iesniegums ģenēriskām zālēm,10 mg,10 mg,Tablet,Tablete,1,Loratadinum,"Hexal AG, Germany","Salutas Pharma GmbH, Germany; Lek S.A., Poland",,,,,,,,,1,,,0,,R06AX13,Nacionālā reģistrācijas procedūra,https://dati.zva.gov.lv/zalu-registrs/info/02-0348/pil,https://dati.zva.gov.lv/zalu-registrs/info/02-0348/smpc,10 mg,"PVH/Al blisteris, N30","PVC/Al blister, N30",30,Zālēm nav nepieciešami īpaši uzglabāšanas nosacījumi.,https://dati.zva.gov.lv/zalu-registrs/attachments/label/3975260/02-0348-0301790636.doc,,https://dati.zva.gov.lv/zalu-registrs/attachments/label/3975260/02-0348-0301790636.doc,11.02,12.34,0,0,Cold / Cough / Allergy,R
04-0416-02,Strepsils Intensive 8.75 mg lozenges,"Strepsils Intensive 8,75 mg sūkājamās tabletes",Strepsils Intensive,04-0416,06-NOV-09,,04-0416,bez receptes,8 (3) p.,pilns iesniegums,8.75 mg,"8,75 mg",Lozenge,Sūkājamā tablete,1,Flurbiprofenum,"Reckitt Benckiser (Poland) S.A., Poland","RB NL Brands B.V., Netherlands",,,,,,,,,1,,,0,,R02AX01,Nacionālā reģistrācijas procedūra,https://dati.zva.gov.lv/zalu-registrs/info/04-0416/pil,https://dati.zva.gov.lv/zalu-registrs/info/04-0416/smpc,"8,75 mg","Kartona kastīte, Blisteris, N24","Carton box, Blister, N24",24,Uzglabāt oriģinālā iepakojumā.,https://dati.zva.gov.lv/zalu-registrs/attachments/label/3554956/04-0416-0101946402.docx,,https://dati.zva.gov.lv/zalu-registrs/attachments/label/3554956/04-0416-0101946402.docx,11.12,12.45,0,4,Cold / Cough / Allergy,R
06-0023-01,"Olynth HA 1 mg/ml nasal spray without preservatives, solution","Olynth HA 1 mg/ml deguna aerosols bez konservantiem, šķīdums",Olynth HA,06-0023,09-SEP-15,,LV/H/0103/001,bez receptes,10a p.,iesniegums plaši lietotām zālēm,1 mg/ml,1 mg/ml,"Nasal spray, solution","Deguna aerosols, šķīdums",1,Xylometazolini hydrochloridum,"McNeil Healthcare (Ireland) Limited, Ireland","Ursapharm Arzneimittel GmbH, Germany; Famar Health Care Services Madrid, S.A., Spain",,,,,,,,,1,,,0,,R01AA07,Savstarpējās atzīšanas procedūra,https://dati.zva.gov.lv/zalu-registrs/info/06-0023/pil,https://dati.zva.gov.lv/zalu-registrs/info/06-0023/smpc,10 mg/10 ml,"Kartona kastīte, ABPE pudelīte, N1","Carton box, HDPE bottle, N1",1,Uzglabāt temperatūrā līdz 25 °C.,https://dati.zva.gov.lv/zalu-registrs/attachments/label/3834577/06-0023-0102520548.pdf;https://dati.zva.gov.lv/zalu-registrs/attachments/label/3834577/06-0023-0102520549.docx,,https://dati.zva.gov.lv/zalu-registrs/attachments/label/3834577/06-0023-0102520548.pdf;https://dati.zva.gov.lv/zalu-registrs/attachments/label/3834577/06-0023-0102520549.docx,6.59,7.38,0,0,Cold / Cough / Allergy,R
10-0577-03,Cetrix 10 mg film-coated tablets,Cetrix 10 mg apvalkotās tabletes,Cetrix,10-0577,08-MAR-16,,SE/H/0816/001,bez receptes,10 (1) p.,iesniegums ģenēriskām zālēm,10 mg,10 mg,Film-coated tablet,Apvalkotā tablete,1,Cetirizini dihydrochloridum,"Vitabalans Oy, Finland","Vitabalans Oy, Finland",,,,,,,,,1,,,0,,R06AE07,Decentralizētā reģistrācijas procedūra,https://dati.zva.gov.lv/zalu-registrs/info/10-0577/pil,https://dati.zva.gov.lv/zalu-registrs/info/10-0577/smpc,10 mg,"Kartona kastīte, Al/Al blisteris, N7","Carton box, Al/Al blister, N7",7,Uzglabāt temperatūrā līdz 30 °C.,https://dati.zva.gov.lv/zalu-registrs/attachments/label/3149979/10-0577-0301831084.doc,,https://dati.zva.gov.lv/zalu-registrs/attachments/label/3149979/10-0577-0301831084.doc,4.62,5.17,0,0,Cold / Cough / Allergy,R
03-0294-01,Cetirizin Actavis 10 mg film-coated tablets,Cetirizin Actavis 10 mg apvalkotās tabletes,Cetirizin Actavis,03-0294,24-OCT-08,,03-0294,bez receptes,10 (1) p.,iesniegums ģenēriskām zālēm,10 mg,10 mg,Film-coated tablet,Apvalkotā tablete,1,Cetirizini dihydrochloridum,"Teva B.V., Netherlands","Teva Pharma, S.L.U., Spain",,,,,,,,,1,,,0,,R06AE07,Nacionālā reģistrācijas procedūra,https://dati.zva.gov.lv/zalu-registrs/info/03-0294/pil,https://dati.zva.gov.lv/zalu-registrs/info/03-0294/smpc,10 mg,"OPA/Al/PVH/Al blisteris, N10","OPA/Al/PVC/Al blister, N10",10,"Uzglabāt temperatūrā līdz  25°C. Uzglabāt oriģinālā iepakojumā, lai pasargātu no mitruma.",https://dati.zva.gov.lv/zalu-registrs/attachments/label/3537990/03-0294-0102465456.pdf;https://dati.zva.gov.lv/zalu-registrs/attachments/label/3537990/03-0294-0102465457.doc,,https://dati.zva.gov.lv/zalu-registrs/attachments/label/3537990/03-0294-0102465456.pdf;https://dati.zva.gov.lv/zalu-registrs/attachments/label/3537990/03-0294-0102465457.doc,5.38,6.03,0,0,Cold / Cough / Allergy,R
05-0159-01,Ambroxol-BCPP 30 mg tablets,Ambroxol-BCPP 30 mg tabletes,Ambroxol-BCPP,05-0159,01-OCT-10,,05-0159,bez receptes,10a p.,iesniegums plaši lietotām zālēm,30 mg,30 mg,Tablet,Tablete,1,Ambroxoli hydrochloridum,"Unifarma, SIA, Latvia","Unifarma, SIA, Latvia; BE Pharma d.o.o., Slovenia",,,,,,,,,1,,,0,,R05CB06,Nacionālā reģistrācijas procedūra,https://dati.zva.gov.lv/zalu-registrs/info/05-0159/pil,https://dati.zva.gov.lv/zalu-registrs/info/05-0159/smpc,30 mg,"Kartona kastīte, PVH/Al blisteris, N20","Carton box, PVC/Al blister, N20",20,Zālēm nav nepieciešami īpaši uzglabāšanas apstākļi.,https://dati.zva.gov.lv/zalu-registrs/attachments/label/3596527/05-0159-0102436970.pdf;https://dati.zva.gov.lv/zalu-registrs/attachments/label/3596527/05-0159-0102436971.docx,,https://dati.zva.gov.lv/zalu-registrs/attachments/label/3596527/05-0159-0102436970.pdf;https://dati.zva.gov.lv/zalu-registrs/attachments/label/3596527/05-0159-0102436971.docx,3.03,3.39,0,3,Cold / Cough / Allergy,R
04-0226-01,Loracip 10 mg tablets,Loracip 10 mg tabletes,Loracip,04-0226,16-JUN-09,,04-0226,bez receptes,10 (1) p.,iesniegums ģenēriskām zālēm,10 mg,10 mg,Tablet,Tablete,1,Loratadinum,"Unifarma, SIA, Latvia","Unifarma, SIA, Latvia",,,,,,,,,1,,,0,,R06AX13,Nacionālā reģistrācijas procedūra,https://dati.zva.gov.lv/zalu-registrs/info/04-0226/pil,https://dati.zva.gov.lv/zalu-registrs/info/04-0226/smpc,10 mg,"Kartona kārbiņa, PVH/Al blisteris, N10","Carton, PVC/Al blister, N10",10,Nav nepieciešami īpaši uzglabāšanas apstākļi.,https://dati.zva.gov.lv/zalu-registrs/attachments/label/1554887/04-0226-0100980062.doc,,https://dati.zva.gov.lv/zalu-registrs/attachments/label/1554887/04-0226-0100980062.doc,2.45,2.74,0,0,Cold / Cough / Allergy,R
03-0428-01,"Galazolin 1 mg/ml nasal drops, solution","Galazolin 1 mg/ml deguna pilieni, šķīdums",Galazolin,03-0428,27-NOV-08,,03-0428,bez receptes,10a p.,iesniegums plaši lietotām zālēm,1 mg/ml,1 mg/ml,"Nasal drops, solution","Deguna pilieni, šķīdums",1,Xylometazolini hydrochloridum,"Zaklady Farmaceutyczne Polpharma S.A., Poland","Warszawskie Zaklady Farmaceutyczne Polfa S.A., Poland; Zakłady Farmaceutyczne POLPHARMA S.A., Poland",,,,,,,,,1,,,0,,R01AA07,Nacionālā reģistrācijas procedūra,https://dati.zva.gov.lv/zalu-registrs/info/03-0428/pil,https://dati.zva.gov.lv/zalu-registrs/info/03-0428/smpc,10 mg/10 ml,"Kartona kārbiņa, Polietilēna pudele, N1","Carton, Polyethylene bottle, N1",1,Uzglabāt temperatūrā līdz 25 grādiem pēc Celsija. Sargāt no gaismas,https://dati.zva.gov.lv/zalu-registrs/attachments/label/3524402/03-0428-0102617063.pdf;https://dati.zva.gov.lv/zalu-registrs/attachments/label/3524402/03-0428-0102617064.docx,,https://dati.zva.gov.lv/zalu-registrs/attachments/label/3524402/03-0428-0102617063.pdf;https://dati.zva.gov.lv/zalu-registrs/attachments/label/3524402/03-0428-0102617064.docx,2.46,2.76,0,0,Cold / Cough / Allergy,R
01-0048-01,Stoptussin 4 mg/100 mg tablets,Stoptussin 4 mg/100 mg tabletes,Stoptussin,01-0048,03-MAY-11,,01-0048,bez receptes,10a p.,iesniegums plaši lietotām zālēm,4 mg/100 mg,4 mg/100 mg,Tablet,Tablete,1,"Butamirati dihydrogenocitras, Guaifenesinum","TEVA Czech Industries s.r.o., Czech Republic","TEVA Czech Industries s.r.o., Czech Republic; Teva Operations Poland Sp.z o.o., Poland",,,,,,,,,1,,,0,,R05FB02,Nacionālā reģistrācijas procedūra,https://dati.zva.gov.lv/zalu-registrs/info/01-0048/pil,https://dati.zva.gov.lv/zalu-registrs/info/01-0048/smpc,4 mg/100 mg,"Kartona kastīte, PVH/Al blisteris, N20","Carton box, PVC/Al blister, N20",20,"Uzglabāt temperatūrā līdz 25°C. Uzglabāt oriģinālā iepakojumā, lai pasargātu no mitruma.",https://dati.zva.gov.lv/zalu-registrs/attachments/label/3019055/01-0048-0101747648.doc,,https://dati.zva.gov.lv/zalu-registrs/attachments/label/3019055/01-0048-0101747648.doc,7.49,8.39,0,0,Cold / Cough / Allergy,R
